Title,0
101 Dalmatians,2
13 Going on 30,1
3 Idiots,1
Ali Wong: Baby Cobra,6
Ali Wong: Don Wong,4
Ali Wong: Hard Knock Wife,5
Altered Carbon: Resleeved,1
Always Be My Maybe,2
Andhadhun,1
Annihilation,2
Arrival,1
Badhaai Do,2
Bareilly Ki Barfi,1
Behind the Curve,1
Bhool Bhulaiyaa 2,1
Bo Burnham: Inside,2
Bo Burnham: Make Happy,3
Bo Burnham: what.,3
Bridesmaids,2
CAPITALISM: A LOVE STORY,1
Chaman Bahaar,1
Charlie's Angels,1
Chasing Coral,1
Cinderella,1
Crazy Rich Asians,2
Dancing with the Birds,1
Darlings,1
Dil Dhadakne Do,2
Don't Look Up,1
Drishyam,1
Easy A,1
Enter the Anime,1
FYRE: The Greatest Party That Never Happened,1
Fantastic Mr. Fox,1
Flavors of Youth: International Version,3
Gaga: Five Foot Two,1
Glass Onion: A Knives Out Mystery,2
Gone Girl,2
Hannah Gadsby: Nanette,1
Haseen Dillruba,1
Hellboy,1
Hereditary,1
His House,1
Howl’s Moving Castle,1
I'm Thinking of Ending Things,2
If Anything Happens I Love You,1
Jab We Met,2
John Mulaney: Baby J,2
John Mulaney: Kid Gorgeous at Radio City,2
John Mulaney: The Comeback Kid,3
John Wick,4
Kabhi Khushi Kabhie Gham,1
Kenny Sebastian: The Most Interesting Person in the Room,1
Khoobsurat,2
Kung Fu Panda,2
Last Christmas,1
Lilo & Stitch,1
Limitless,2
Little Women,6
Looper,1
Lust Stories,1
Lust Stories 2,2
Main Hoon Na,2
Man of Steel,2
Mard ko Dard Nahi Hota,3
Marie Antoinette,2
Marriage Story,1
Matilda,1
Megamind,2
Midsommar,2
Minimalism: A Documentary About the Important Things,1
Miss Americana,2
Miss Congeniality,1
Moana,1
Nanny McPhee,2
Nanny McPhee and the Big Bang,1
Not Another Teen Movie,1
Ocean's Eleven,1
Ocean's Thirteen,2
Om Shanti Om,3
Pan's Labyrinth,2
Pirates of the Caribbean: At World's End,2
Pirates of the Caribbean: Dead Man's Chest,1
Pitch Perfect,1
Predestination,2
Pride & Prejudice,7
Queen,2
Reversing Roe,2
Scott Pilgrim vs. the World,3
Secrets of the Saqqara Tomb,1
Seeing Allred,3
Seven,2
She's the Man,1
Shrek,2
Shrek 2,1
Shrek Forever After,1
Shrek the Third,1
Someone Great,1
Spider-Man: Into the Spider-Verse,1
Spy Kids,1
Spy Kids 2: The Island of Lost Dreams,1
Take Your Pills,2
Tamasha,2
Tarzan,2
Taylor Swift reputation Stadium Tour,4
Terra,1
The Adventures of Tintin,1
The Age of Adaline,1
The American Meme,1
The Bleeding Edge,2
The Cabin in the Woods,1
The Dark Knight,1
The Farewell,2
The Great Hack,1
The Hangover,1
The House,1
The Lego Batman Movie,1
The Pursuit of Happyness,1
The Social Dilemma,1
The Spy Next Door,1
The Tinder Swindler,2
Three Identical Strangers,1
To All the Boys I’ve Loved Before,1
Udaan,3
Vir Das: For India,1
Words Bubble Up Like Soda Pop,3
Your Name,2
"Yours Sincerely, Kanan Gill",1
Zindagi Na Milegi Dobara,1
"tick, tick...BOOM!",2
